Market Council valuation,AMGN
Assumption,Value
growth_start,0.1177
growth_end,0.04
ebit_margin,0.2471
tax_rate,0.21
capex_pct_revenue,0.0506
da_pct_revenue,0.1406
working_capital_pct_of_growth,0.25
wacc,0.0862
terminal_growth,0.025
net_debt,45475000.0
shares,540444.0
base_revenue,36751000.0
units,thousands, as reported by the source

Year,Growth,Revenue,EBIT,Tax,Capex,Working capital,Free cash flow
1,0.1177,41076593.0,10150026.0,2131505.0,2078476.0,1081398.0,10634016.0
2,0.0983,45113395.0,11147520.0,2340979.0,2282738.0,1009201.0,11857546.0
3,0.0789,48670586.0,12026502.0,2525565.0,2462732.0,889298.0,12991991.0
4,0.0594,51562836.0,12741177.0,2675647.0,2609079.0,723062.0,13983122.0
5,0.04,53625349.0,13250824.0,2782673.0,2713443.0,515628.0,14778804.0

Terminal value,247520819.0
Enterprise value,213503233.0
Fair value per share,310.91
Price,415.01
