Market Council valuation,BMY
Assumption,Value
growth_start,0.02
growth_end,0.04
ebit_margin,0.2075
tax_rate,0.21
capex_pct_revenue,0.0272
da_pct_revenue,0.0832
working_capital_pct_of_growth,0.0
wacc,0.0862
terminal_growth,0.025
net_debt,34438000.0
shares,2042369.0
base_revenue,48194000.0
units,thousands, as reported by the source

Year,Growth,Revenue,EBIT,Tax,Capex,Working capital,Free cash flow
1,0.02,49157880.0,10200260.0,2142055.0,1337094.0,0.0,10811047.0
2,0.025,50386827.0,10455267.0,2195606.0,1370522.0,0.0,11081323.0
3,0.03,51898432.0,10768925.0,2261474.0,1411637.0,0.0,11413763.0
4,0.035,53714877.0,11145837.0,2340626.0,1461045.0,0.0,11813244.0
5,0.04,55863472.0,11591670.0,2434251.0,1519486.0,0.0,12285774.0

Terminal value,205766640.0
Enterprise value,180953751.0
Fair value per share,71.74
Price,59.12
