Market Council valuation,LRCX
Assumption,Value
growth_start,0.1006
growth_end,0.04
ebit_margin,0.3529
tax_rate,0.21
capex_pct_revenue,0.0416
da_pct_revenue,0.019
working_capital_pct_of_growth,0.25
wacc,0.0862
terminal_growth,0.025
net_debt,-1844608.0
shares,1251424.0
base_revenue,23232690.0
units,thousands, as reported by the source

Year,Growth,Revenue,EBIT,Tax,Capex,Working capital,Free cash flow
1,0.1006,25569899.0,9023617.0,1894960.0,1063708.0,584302.0,5966476.0
2,0.0854,27754846.0,9794685.0,2056884.0,1154602.0,546237.0,6564305.0
3,0.0703,29706012.0,10483252.0,2201483.0,1235770.0,487791.0,7122622.0
4,0.0551,31344299.0,11061403.0,2322895.0,1303923.0,409572.0,7620556.0
5,0.04,32598071.0,11503859.0,2415810.0,1356080.0,313443.0,8037889.0

Terminal value,134621507.0
Enterprise value,116441245.0
Fair value per share,94.52
Price,329.51
