Market Council valuation,MRK
Assumption,Value
growth_start,0.0312
growth_end,0.04
ebit_margin,0.3264
tax_rate,0.21
capex_pct_revenue,0.0633
da_pct_revenue,0.0898
working_capital_pct_of_growth,0.25
wacc,0.0862
terminal_growth,0.025
net_debt,34774000.0
shares,2467691.0
base_revenue,65011000.0
units,thousands, as reported by the source

Year,Growth,Revenue,EBIT,Tax,Capex,Working capital,Free cash flow
1,0.0312,67039343.0,21881642.0,4595145.0,4243590.0,507086.0,18555954.0
2,0.0334,69278457.0,22612488.0,4748623.0,4385326.0,559779.0,19139966.0
3,0.0356,71744770.0,23417493.0,4917674.0,4541444.0,616578.0,19784478.0
4,0.0378,74456723.0,24302674.0,5103562.0,4713111.0,677988.0,20494228.0
5,0.04,77434992.0,25274781.0,5307704.0,4901635.0,744567.0,21274537.0

Terminal value,356313732.0
Enterprise value,313196324.0
Fair value per share,112.83
Price,142.38
