Market Council valuation,RYAAY
Assumption,Value
growth_start,0.1523
growth_end,0.04
ebit_margin,0.1527
tax_rate,0.21
capex_pct_revenue,0.1217
da_pct_revenue,0.0884
working_capital_pct_of_growth,0.0
wacc,0.1019
terminal_growth,0.025
net_debt,-7314200.0
shares,526234.0
base_revenue,17910200.0
units,thousands, as reported by the source

Year,Growth,Revenue,EBIT,Tax,Capex,Working capital,Free cash flow
1,0.1523,20637923.0,3151411.0,661796.0,2511635.0,0.0,1802372.0
2,0.1242,23201670.0,3542895.0,744008.0,2823643.0,0.0,2026271.0
3,0.0961,25432510.0,3883544.0,815544.0,3095136.0,0.0,2221097.0
4,0.0681,27163828.0,4147917.0,871062.0,3305838.0,0.0,2372299.0
5,0.04,28250381.0,4313833.0,905905.0,3438071.0,0.0,2467191.0

Terminal value,32885186.0
Enterprise value,28336265.0
Fair value per share,None
Price,54.47
