Market Council valuation,SAP
Assumption,Value
growth_start,0.1111
growth_end,0.04
ebit_margin,0.2613
tax_rate,0.21
capex_pct_revenue,0.0
da_pct_revenue,0.0356
working_capital_pct_of_growth,0.1014
wacc,0.0714
terminal_growth,0.025
net_debt,-9652000.0
shares,1228239.0
base_revenue,43220000.0
units,thousands, as reported by the source

Year,Growth,Revenue,EBIT,Tax,Capex,Working capital,Free cash flow
1,0.1111,48021742.0,12548081.0,2635097.0,0.0,486897.0,11135662.0
2,0.0933,52503371.0,13719131.0,2881017.0,0.0,454437.0,12252796.0
3,0.0756,56470001.0,14755611.0,3098678.0,0.0,402216.0,13265049.0
4,0.0578,59732555.0,15608117.0,3277704.0,0.0,330823.0,14126068.0
5,0.04,62121857.0,16232441.0,3408813.0,0.0,242275.0,14792892.0

Terminal value,326782636.0
Enterprise value,284525630.0
Fair value per share,None
Price,208.19
