Market Council valuation,TER
Assumption,Value
growth_start,0.02
growth_end,0.04
ebit_margin,0.2038
tax_rate,0.21
capex_pct_revenue,0.0702
da_pct_revenue,0.0401
working_capital_pct_of_growth,0.25
wacc,0.0862
terminal_growth,0.025
net_debt,-121998.0
shares,156341.0
base_revenue,3190024.0
units,thousands, as reported by the source

Year,Growth,Revenue,EBIT,Tax,Capex,Working capital,Free cash flow
1,0.02,3253824.0,663129.0,139257.0,228418.0,15950.0,409982.0
2,0.025,3335170.0,679708.0,142739.0,234129.0,20336.0,416244.0
3,0.03,3435225.0,700099.0,147021.0,241153.0,25014.0,424664.0
4,0.035,3555458.0,724602.0,152166.0,249593.0,30058.0,435358.0
5,0.04,3697676.0,753586.0,158253.0,259577.0,35555.0,448479.0

Terminal value,7511290.0
Enterprise value,6638807.0
Fair value per share,43.24
Price,402.56
